Episode,Ep start ts,Feedback ts,Human Reward,Environment Reward
1,15:00:11.751649,15:00:18.111168,1,-0.6117905307996807
1,15:00:11.751649,15:00:18.444775,1,-0.5634946961517358
1,15:00:11.751649,15:00:18.791636,-1,-0.5238677330149244
1,15:00:11.751649,15:00:18.983455,-1,-0.5085637855417531
